fecha,Henry Hub,SoCal,Waha,HSC,Tetco
01/01/2022,3.7,7.11,3.33,3.595,3.54
02/01/2022,3.7,7.11,3.33,3.595,3.54
03/01/2022,3.7,7.11,3.33,3.595,3.54
04/01/2022,3.58,6.37,3.37,3.4,3.42
05/01/2022,3.755,5.575,3.595,3.535,3.66
06/01/2022,3.785,5.59,3.76,3.75,3.79
07/01/2022,3.93,5.23,3.6,3.715,3.765
08/01/2022,3.825,4.57,3.4,3.55,3.69
09/01/2022,3.825,4.57,3.4,3.55,3.69
10/01/2022,3.825,4.57,3.4,3.55,3.69
11/01/2022,4.135,4.89,3.755,3.89,3.985
12/01/2022,4.055,4.84,3.72,3.87,3.98
13/01/2022,4.585,5.315,4.11,4.2,4.485
14/01/2022,4.765,5,4.3,4.39,4.525
15/01/2022,4.36,4.85,3.955,4.1,4.18
16/01/2022,4.36,4.85,3.955,4.1,4.18
17/01/2022,4.36,4.85,3.955,4.1,4.18
18/01/2022,4.36,4.85,3.955,4.1,4.18
19/01/2022,4.48,5.1,4.16,4.215,4.32
20/01/2022,4.74,5.1,4.685,4.385,4.63
21/01/2022,4.27,4.51,3.855,4.2,4.05
22/01/2022,4.085,4.175,3.64,3.73,3.87
23/01/2022,4.085,4.175,3.64,3.73,3.87
24/01/2022,4.085,4.175,3.64,3.73,3.87
25/01/2022,4.14,4.415,3.76,3.85,3.93
26/01/2022,4.16,4.585,3.83,3.945,3.965
27/01/2022,4.37,4.915,4.035,4.18,4.24
28/01/2022,4.45,4.92,4.195,4.15,4.25
29/01/2022,5.63,5.33,4.815,4.76,5.24
30/01/2022,5.63,5.33,4.815,4.76,5.24
31/01/2022,5.63,5.33,4.815,4.76,5.24
01/02/2022,5.575,5.43,4.83,4.755,5.08
02/02/2022,5.455,5.935,5.315,4.935,5.16
03/02/2022,6.44,8.29,7.27,6,6.375
04/02/2022,5.865,6.115,6.165,6.16,5.82
05/02/2022,5.34,5.11,4.97,4.98,5.055
06/02/2022,5.34,5.11,4.97,4.98,5.055
07/02/2022,5.34,5.11,4.97,4.98,5.055
08/02/2022,4.35,3.95,3.735,3.985,4.155
09/02/2022,4.29,4.02,3.6,3.98,4.165
10/02/2022,4.055,3.78,3.48,3.725,3.85
11/02/2022,3.885,3.62,3.255,3.6,3.71
12/02/2022,3.93,3.595,3.33,3.59,3.745
13/02/2022,3.93,3.595,3.33,3.59,3.745
14/02/2022,3.93,3.595,3.33,3.59,3.745
15/02/2022,4.05,3.77,3.4,3.75,3.9
16/02/2022,4.265,4.025,3.67,3.9,4.09
17/02/2022,4.385,4.285,3.925,4.1,4.29
18/02/2022,4.57,4.48,4.18,4.39,4.475
19/02/2022,4.6,4.5,3.96,4.18,4.385
20/02/2022,4.6,4.5,3.96,4.18,4.385
21/02/2022,4.6,4.5,3.96,4.18,4.385
22/02/2022,4.6,4.5,3.96,4.18,4.385
23/02/2022,4.48,4.945,4.375,4.22,4.3
24/02/2022,4.57,5.62,4.39,4.35,4.44
25/02/2022,4.77,5.725,4.575,4.6,4.68
26/02/2022,4.545,4.58,4.19,4.27,4.425
27/02/2022,4.545,4.58,4.19,4.27,4.425
28/02/2022,4.545,4.58,4.19,4.27,4.425
01/03/2022,4.28,3.73,3.72,4.015,4.18
02/03/2022,4.335,4.055,3.955,4.205,4.31
03/03/2022,4.65,4.335,4.13,4.37,4.53
04/03/2022,4.57,4.23,4.065,4.295,4.48
05/03/2022,4.73,4.37,4.1,4.45,4.675
06/03/2022,4.73,4.37,4.1,4.45,4.675
07/03/2022,4.73,4.37,4.1,4.45,4.675
08/03/2022,4.92,4.58,4.415,4.71,4.795
09/03/2022,4.58,4.285,4.12,4.375,4.56
10/03/2022,4.555,4.57,4.25,4.3,4.425
11/03/2022,4.595,4.43,4.365,4.46,4.55
12/03/2022,4.73,4.285,4.115,4.46,4.585
13/03/2022,4.73,4.285,4.115,4.46,4.585
14/03/2022,4.73,4.285,4.115,4.46,4.585
15/03/2022,4.575,4.135,3.875,4.295,4.485
16/03/2022,4.475,3.94,3.76,4.105,4.33
17/03/2022,4.67,4.06,3.65,4.15,4.49
18/03/2022,4.795,4.065,3.75,4.4,4.725
19/03/2022,4.87,4.16,3.545,4.26,4.62
20/03/2022,4.87,4.16,3.545,4.26,4.62
21/03/2022,4.87,4.16,3.545,4.26,4.62
22/03/2022,4.775,4.255,3.84,4.25,4.555
23/03/2022,5.005,4.395,4.26,4.535,4.83
24/03/2022,5.26,4.59,4.395,4.75,5.05
25/03/2022,5.165,4.575,4.49,4.725,4.98
26/03/2022,5.485,4.715,4.465,5,5.24
27/03/2022,5.485,4.715,4.465,5,5.24
28/03/2022,5.485,4.715,4.465,5,5.24
29/03/2022,5.435,4.845,3.91,5.275,5.29
30/03/2022,5.31,4.665,3.915,5.01,5.2
31/03/2022,5.335,4.925,4.02,5.1,5.235
01/04/2022,5.48,4.975,4.88,5.32,5.515
02/04/2022,5.47,5.24,4.605,5.37,5.425
03/04/2022,5.47,5.24,4.605,5.37,5.425
04/04/2022,5.47,5.24,4.605,5.37,5.425
05/04/2022,5.655,5.495,5.175,5.6,5.525
06/04/2022,5.955,5.785,5.345,5.9,5.905
07/04/2022,6.245,6.03,5.74,6.215,6.155
08/04/2022,6.03,5.945,5.655,5.935,5.995
09/04/2022,6.3,5.835,5.615,6.1,6.145
10/04/2022,6.3,5.835,5.615,6.1,6.145
11/04/2022,6.3,5.835,5.615,6.1,6.145
12/04/2022,6.36,6.55,5.595,6.2,6.3
13/04/2022,6.56,6.775,5.72,6.41,6.605
14/04/2022,6.7,6.71,6.07,6.525,6.67
15/04/2022,6.93,6.965,6.32,6.74,6.87
16/04/2022,6.93,6.965,6.32,6.74,6.87
17/04/2022,6.93,6.965,6.32,6.74,6.87
18/04/2022,6.93,6.965,6.32,6.74,6.87
19/04/2022,7.555,7.635,7.065,7.4,7.575
20/04/2022,7.385,7.18,6.7,6.8,6.92
21/04/2022,7.035,7.19,6.315,6.55,6.645
22/04/2022,6.875,6.855,6.19,6.5,6.515
23/04/2022,6.55,6.28,5.785,6.2,6.25
24/04/2022,6.55,6.28,5.785,6.2,6.25
25/04/2022,6.55,6.28,5.785,6.2,6.25
26/04/2022,6.395,6.695,6.06,6.3,6.41
27/04/2022,6.815,7.21,6.495,6.7,6.715
28/04/2022,6.935,7.13,6.49,6.82,6.99
29/04/2022,6.79,6.625,6.33,6.62,6.81
30/04/2022,6.79,6.625,6.33,6.62,6.81
01/05/2022,6.845,6.675,6.15,6.535,6.645
02/05/2022,6.845,6.675,6.15,6.535,6.645
03/05/2022,7.3,7.1,5.485,7.215,7.215
04/05/2022,7.86,8.09,6.405,7.8,7.845
05/05/2022,8.295,8.535,7.785,8.22,8.275
06/05/2022,8.405,8.135,7.77,8.15,8.265
07/05/2022,8.365,7.97,7.665,8.2,8.16
08/05/2022,8.365,7.97,7.665,8.2,8.16
09/05/2022,8.365,7.97,7.665,8.2,8.16
10/05/2022,7.84,7.455,6.905,7.25,7
11/05/2022,6.485,6.605,5.9,6.735,6.895
12/05/2022,7.51,7.56,6.96,7.36,7.41
13/05/2022,7.305,7.43,6.755,7.44,7.41
14/05/2022,7.7,7.58,7.255,7.52,7.4
15/05/2022,7.7,7.58,7.255,7.52,7.4
16/05/2022,7.7,7.58,7.255,7.52,7.4
17/05/2022,7.975,7.84,7.21,7.81,7.95
18/05/2022,8.225,8.36,7.795,8.155,8.23
19/05/2022,8.445,8.525,7.97,8.195,8.25
20/05/2022,8.17,7.97,7.515,8,8.02
21/05/2022,7.975,7.63,7.245,7.78,7.935
22/05/2022,7.975,7.63,7.245,7.78,7.935
23/05/2022,7.975,7.63,7.245,7.78,7.935
24/05/2022,8.145,8.31,7.315,7.905,8.11
25/05/2022,8.77,9.025,8.22,8.65,8.7
26/05/2022,9.295,9.65,8.725,9.04,9.005
27/05/2022,9.065,9.125,8.55,8.85,8.895
28/05/2022,8.265,8.04,7.41,8.07,8.13
29/05/2022,8.265,8.04,7.41,8.07,8.13
30/05/2022,8.265,8.04,7.41,8.07,8.13
31/05/2022,8.265,8.04,7.41,8.07,8.13
01/06/2022,8.455,8.575,7.545,8.11,8.345
02/06/2022,8.42,8.505,7.56,8.255,8.48
03/06/2022,8.86,8.81,8.14,8.405,8.56
04/06/2022,8.36,8.38,7.705,8.085,8.2
05/06/2022,8.36,8.38,7.705,8.085,8.2
06/06/2022,8.36,8.38,7.705,8.085,8.2
07/06/2022,9,9.08,8.035,8.795,8.99
08/06/2022,9.26,9.61,8.505,9.06,9.2
09/06/2022,9.46,9.975,8.72,9.26,9.43
10/06/2022,8.255,8.58,7.51,7.72,8.13
11/06/2022,8.67,8.705,7.84,8.29,8.375
12/06/2022,8.67,8.705,7.84,8.29,8.375
13/06/2022,8.67,8.705,7.84,8.29,8.375
14/06/2022,8.87,8.71,7.95,8.18,8.38
15/06/2022,7.59,8.02,7.715,7.48,7.465
16/06/2022,7.715,7.395,6.7,7.235,7.395
17/06/2022,7.89,7.605,6.91,7.615,7.61
18/06/2022,7.335,6.645,6.19,6.725,6.965
19/06/2022,7.335,6.645,6.19,6.725,6.965
20/06/2022,7.335,6.645,6.19,6.725,6.965
21/06/2022,7.335,6.645,6.19,6.725,6.965
22/06/2022,6.615,6.48,5.935,6.25,6.5
23/06/2022,6.59,7.415,6.075,6.175,6.54
24/06/2022,6.47,7.49,6.18,6.385,6.265
25/06/2022,5.885,6.34,5.61,5.93,5.87
26/06/2022,5.885,6.34,5.61,5.93,5.87
27/06/2022,5.885,6.34,5.61,5.93,5.87
28/06/2022,6.065,7.43,5.56,5.895,6.04
29/06/2022,6.545,7.185,5.995,6.41,6.56
30/06/2022,6.665,6.835,6.205,6.545,6.6
01/07/2022,6.46,6.38,5.965,6.33,6.105
02/07/2022,5.73,5.31,5.145,5.35,5.58
03/07/2022,5.73,5.31,5.145,5.35,5.58
04/07/2022,5.73,5.31,5.145,5.35,5.58
05/07/2022,5.73,5.31,5.145,5.35,5.58
06/07/2022,5.685,5.415,5.005,5.49,5.545
07/07/2022,5.625,5.405,5.315,5.53,5.615
08/07/2022,5.86,5.735,5.42,5.685,6.055
09/07/2022,6.385,6.405,5.77,5.955,6.14
10/07/2022,6.385,6.405,5.77,5.955,6.14
11/07/2022,6.385,6.405,5.77,5.955,6.14
12/07/2022,6.76,7.205,6.37,6.46,6.525
13/07/2022,6.785,7.745,6.41,6.51,6.5
14/07/2022,6.63,7.49,6.23,6.295,6.52
15/07/2022,6.855,7.78,6.375,6.575,6.625
16/07/2022,6.605,7.025,6.025,6.29,6.525
17/07/2022,6.605,7.025,6.025,6.29,6.525
18/07/2022,6.605,7.025,6.025,6.29,6.525
19/07/2022,7.535,8.275,6.93,7.11,7.295
20/07/2022,7.385,8.505,6.98,7.06,7.135
21/07/2022,7.56,8.41,7.14,7.25,7.295
22/07/2022,7.945,8.625,7.51,7.625,7.625
23/07/2022,8.245,8.565,7.705,7.91,8.09
24/07/2022,8.245,8.565,7.705,7.91,8.09
25/07/2022,8.245,8.565,7.705,7.91,8.09
26/07/2022,8.525,9.145,7.84,8.2,8.345
27/07/2022,9.32,9.785,8.355,8.79,9.035
28/07/2022,8.68,8.85,7.955,8.265,8.55
29/07/2022,8.66,8.525,7.885,8.18,8.26
30/07/2022,8.66,8.525,7.885,8.18,8.26
31/07/2022,8.66,8.525,7.885,8.18,8.26
01/08/2022,8.365,9.06,7.735,7.955,8.105
02/08/2022,8.165,8.725,7.395,7.56,7.77
03/08/2022,7.975,8.83,6.87,7.235,7.38
04/08/2022,7.825,9.225,6.795,7.275,7.39
05/08/2022,8.365,9.91,7.2,7.705,7.895
06/08/2022,8.185,9.305,6.86,7.715,7.83
07/08/2022,8.185,9.305,6.86,7.715,7.83
08/08/2022,8.185,9.305,6.86,7.715,7.83
09/08/2022,7.77,9.7,6.83,7.32,7.38
10/08/2022,7.875,10.345,6.935,7.59,7.65
11/08/2022,7.89,9.595,7.195,7.525,7.695
12/08/2022,8.535,10.745,7.455,8,8.235
13/08/2022,8.75,10.235,7.595,8.3,8.37
14/08/2022,8.75,10.235,7.595,8.3,8.37
15/08/2022,8.75,10.235,7.595,8.3,8.37
16/08/2022,8.55,11,7.765,8.04,8.34
17/08/2022,9.245,10.96,8.485,8.775,8.905
18/08/2022,9.505,11,8.595,8.915,9
19/08/2022,9.42,10.245,8.335,8.8,9.01
20/08/2022,9.13,8.595,7.47,8.5,8.525
21/08/2022,9.13,8.595,7.47,8.5,8.525
22/08/2022,9.13,8.595,7.47,8.5,8.525
23/08/2022,9.85,9.55,8.585,8.96,9.155
24/08/2022,9.76,9.605,8.36,8.965,9.255
25/08/2022,9.28,9.54,8.08,8.605,8.89
26/08/2022,9.33,9.605,8.11,8.785,8.92
27/08/2022,9.5,8.865,7.72,8.8,8.735
28/08/2022,9.5,8.865,7.72,8.8,8.735
29/08/2022,9.5,8.865,7.72,8.8,8.735
30/08/2022,9.25,10.165,7.79,8.585,8.96
31/08/2022,8.96,11.715,7.855,8.345,8.505
01/09/2022,8.95,12.75,7.8,8.3,8.54
02/09/2022,9.245,13.53,8.195,8.75,8.995
03/09/2022,8.98,11.75,8.095,8.355,8.425
04/09/2022,8.98,11.75,8.095,8.355,8.425
05/09/2022,8.98,11.75,8.095,8.355,8.425
06/09/2022,8.98,11.75,8.095,8.355,8.425
07/09/2022,8.47,11.44,7.3,7.84,8.035
08/09/2022,8.125,11.655,6.7,7.515,7.72
09/09/2022,8.125,11.325,6.915,7.42,7.61
10/09/2022,8.145,8.215,6.595,7.305,7.4
11/09/2022,8.145,8.215,6.595,7.305,7.4
12/09/2022,8.145,8.215,6.595,7.305,7.4
13/09/2022,8.115,8.305,6.33,7.55,7.705
14/09/2022,8.39,8.795,6.965,7.635,7.855
15/09/2022,8.685,8.965,7.24,7.89,8.23
16/09/2022,8.505,8.145,6.795,7.45,7.815
17/09/2022,8.065,7.04,6.005,7,7.77
18/09/2022,8.065,7.04,6.005,7,7.77
19/09/2022,8.065,7.04,6.005,7,7.77
20/09/2022,7.85,7.255,5.09,6.8,7.39
21/09/2022,7.95,7.13,5.235,6.9,7.415
22/09/2022,7.99,7.155,5.085,6.95,7.52
23/09/2022,7.75,6.69,4.655,6.65,7.225
24/09/2022,6.73,5.52,3.81,5.25,6.035
25/09/2022,6.73,5.52,3.81,5.25,6.035
26/09/2022,6.73,5.52,3.81,5.25,6.035
27/09/2022,6.74,7.405,1.765,5.5,6.415
28/09/2022,6.815,7.49,3.165,5.77,6.195
29/09/2022,6.605,6.025,3.94,5.34,6.16
30/09/2022,6.585,5.365,3.995,4.99,5.76
01/10/2022,6.29,4.915,3.33,4.34,5.145
02/10/2022,6.29,4.915,3.33,4.34,5.145
03/10/2022,6.29,4.915,3.33,4.34,5.145
04/10/2022,5.635,5.185,2.915,4.645,5.14
05/10/2022,5.405,6.175,3.225,5.015,5.51
06/10/2022,6.055,7.44,3.335,5.83,6.23
07/10/2022,6.905,6.835,4.13,6.08,6.6
08/10/2022,6.21,5.72,3.505,5.65,5.845
09/10/2022,6.21,5.72,3.505,5.65,5.845
10/10/2022,6.21,5.72,3.505,5.65,5.845
11/10/2022,6.245,6.53,3.51,5.5,5.895
12/10/2022,6.305,6.615,3.62,5.495,5.84
13/10/2022,6.465,6.9,4.295,5.655,6.145
14/10/2022,6.28,6.505,4.015,5.4,5.85
15/10/2022,6.075,5.43,3.685,5.18,5.53
16/10/2022,6.075,5.43,3.685,5.18,5.53
17/10/2022,6.075,5.43,3.685,5.18,5.53
18/10/2022,6.02,6.2,4.13,5.27,5.635
19/10/2022,6,6.64,5.065,5.3,5.58
20/10/2022,5.495,6.05,4.87,4.895,5.17
21/10/2022,5.05,5.27,3.96,4.365,4.78
22/10/2022,4.43,3.745,2.865,3.5,4.06
23/10/2022,4.43,3.745,2.865,3.5,4.06
24/10/2022,4.43,3.745,2.865,3.5,4.06
25/10/2022,4.81,4.365,0.57,4.15,4.77
26/10/2022,5.2,5.64,-1.19,4.615,5.1
27/10/2022,5.26,5.55,-0.65,4.55,4.96
28/10/2022,5.295,5.38,0.715,4.55,4.775
29/10/2022,4.945,5.43,3.125,4.15,4.545
30/10/2022,4.945,5.43,3.125,4.15,4.545
31/10/2022,4.945,5.43,3.125,4.15,4.545
01/11/2022,5.08,5.25,3.53,3.72,4.6
02/11/2022,4.46,6.46,2.48,2.66,3.76
03/11/2022,4.51,6.56,2.065,2.295,3.71
04/11/2022,4.65,6.775,1.85,2.655,4.18
05/11/2022,3.935,6.875,1.33,1.215,2.61
06/11/2022,3.935,6.875,1.33,1.215,2.61
07/11/2022,3.935,6.875,1.33,1.215,2.61
08/11/2022,4.745,8.41,1.41,2.35,3.505
09/11/2022,3.9,6.97,2.71,2.855,3.64
10/11/2022,3.45,7.585,2.17,2.35,2.99
11/11/2022,4.625,7.865,3.465,3.595,4.125
12/11/2022,4.625,7.865,3.465,3.595,4.125
13/11/2022,4.625,7.865,3.465,3.595,4.125
14/11/2022,4.625,7.865,3.465,3.595,4.125
15/11/2022,6.19,8.32,5.035,5.045,5.31
16/11/2022,5.9,8.435,5.43,5.335,5.325
17/11/2022,5.74,7.56,5.055,5.03,5.24
18/11/2022,6.19,7.965,4.985,5.115,5.61
19/11/2022,6.07,8.065,4.68,5.015,5.55
20/11/2022,6.07,8.065,4.68,5.015,5.55
21/11/2022,6.07,8.065,4.68,5.015,5.55
22/11/2022,6.26,8.92,4.93,5.25,6.09
23/11/2022,6.175,9.84,5.05,5.3,5.73
24/11/2022,6.46,9.965,4.85,5.61,6.115
25/11/2022,6.46,9.965,4.85,5.61,6.115
26/11/2022,6.46,9.965,4.85,5.61,6.115
27/11/2022,6.46,9.965,4.85,5.61,6.115
28/11/2022,6.46,9.965,4.85,5.61,6.115
29/11/2022,5.98,10.51,5.27,5.435,5.54
30/11/2022,6.025,13.9,5.355,5.445,5.905
01/12/2022,6.8,17.125,5.08,5.41,6.13
02/12/2022,6.215,18.595,4.94,5.285,5.495
03/12/2022,4.815,14.45,3.21,4.13,4.345
04/12/2022,4.815,14.45,3.21,4.13,4.345
05/12/2022,4.815,14.45,3.21,4.13,4.345
06/12/2022,4.21,18.39,0.265,4.015,3.985
07/12/2022,4.46,17.275,1.1,4,4.135
08/12/2022,4.525,21.37,0.375,3.935,4.25
09/12/2022,4.765,30.73,0.795,4.225,4.55
10/12/2022,4.995,45.02,0.57,4.245,4.89
11/12/2022,4.995,45.02,0.57,4.245,4.89
12/12/2022,4.995,45.02,0.57,4.245,4.89
13/12/2022,6.715,43.7,0.29,4.92,6.48
14/12/2022,7.16,48.875,3.43,5.395,6.84
15/12/2022,6.6,25.085,3.955,4.985,5.66
16/12/2022,6.74,35.345,4.575,5.465,6.13
17/12/2022,6.585,32.34,2.94,4.64,5.86
18/12/2022,6.585,32.34,2.94,4.64,5.86
19/12/2022,6.585,32.34,2.94,4.64,5.86
20/12/2022,5.98,35.52,5.115,5.005,5.545
21/12/2022,5.25,26.045,3.815,4.115,4.64
22/12/2022,6.14,48.315,6.24,5.815,5.75
23/12/2022,7.295,35.035,7.63,6.075,6.69
24/12/2022,6.555,33.925,5.26,4.96,6.21
25/12/2022,6.555,33.925,5.26,4.96,6.21
26/12/2022,6.555,33.925,5.26,4.96,6.21
27/12/2022,6.555,33.925,5.26,4.96,6.21
28/12/2022,4.895,26.785,1.15,2.87,3.82
29/12/2022,4.115,19.915,0.695,2.205,3.105
30/12/2022,3.695,13.65,-0.855,2.2,3.15
31/12/2022,3.695,13.65,-0.855,2.2,3.15
01/01/2023,3.55,16.25,-3.84,2,2.605
02/01/2023,3.55,16.25,-3.84,2,2.605
03/01/2023,3.55,16.25,-3.84,2,2.605
04/01/2023,3.65,25.425,2.51,2.755,3.165
05/01/2023,3.81,18.915,1.78,3,3.31
06/01/2023,3.755,17.365,1.65,2.82,3.05
07/01/2023,3.415,17.905,1.41,2.73,3.06
08/01/2023,3.415,17.905,1.41,2.73,3.06
09/01/2023,3.415,17.905,1.41,2.73,3.06
10/01/2023,3.665,19.575,1.735,3.04,3.265
11/01/2023,3.31,20.105,1.165,2.7,2.905
12/01/2023,3.35,18.05,1.73,2.95,2.995
13/01/2023,3.55,25.225,1.945,3.225,3.405
14/01/2023,3.435,17.48,-2.565,2.7,2.895
15/01/2023,3.435,17.48,-2.565,2.7,2.895
16/01/2023,3.435,17.48,-2.565,2.7,2.895
17/01/2023,3.435,17.48,-2.565,2.7,2.895
18/01/2023,3.415,22.005,1.755,2.71,2.86
19/01/2023,3.105,21.11,2.21,2.62,2.815
20/01/2023,2.93,16.01,1.875,2.275,2.72
21/01/2023,3.13,14.285,0.235,2.68,2.82
22/01/2023,3.13,14.285,0.235,2.68,2.82
23/01/2023,3.13,14.285,0.235,2.68,2.82
24/01/2023,3.385,16.395,2.605,2.8,3.025
25/01/2023,3.335,18.57,2.945,2.99,3.065
26/01/2023,3.08,16.875,2.365,2.725,2.815
27/01/2023,2.705,8.055,1.955,2.23,2.42
28/01/2023,2.745,10.98,1.54,2.1,2.48
29/01/2023,2.745,10.98,1.54,2.1,2.48
30/01/2023,2.745,10.98,1.54,2.1,2.48
31/01/2023,2.805,9.83,3.275,3.03,2.585
01/02/2023,2.675,11.915,2.675,2.35,2.615
02/02/2023,2.66,15.775,2.37,2.325,2.535
03/02/2023,2.645,5.405,2.23,2.3,2.435
04/02/2023,2.395,3.795,1.465,1.85,2.135
05/02/2023,2.395,3.795,1.465,1.85,2.135
06/02/2023,2.395,3.795,1.465,1.85,2.135
07/02/2023,2.185,4.045,1.295,1.815,1.95
08/02/2023,2.35,4.445,1.625,1.87,2.21
09/02/2023,2.415,4.97,1.9,1.995,2.24
10/02/2023,2.4,5.385,1.87,2.005,2.18
11/02/2023,2.37,5.46,1.34,2.045,2.155
12/02/2023,2.37,5.46,1.34,2.05,2.158
13/02/2023,2.37,5.46,1.34,2.05,2.155
14/02/2023,2.4,5.95,1.58,1.955,2.21
15/02/2023,2.425,4.845,1.955,2.09,2.295
16/02/2023,2.44,7.395,2.11,2.135,2.29
17/02/2023,2.485,6.375,2.17,2.255,2.305
18/02/2023,2.26,4.945,1.58,1.745,1.94
19/02/2023,2.26,4.945,1.58,1.745,1.94
20/02/2023,2.26,4.945,1.58,1.745,1.94
21/02/2023,2.26,4.945,1.58,1.745,1.94
22/02/2023,2.095,6.835,1.385,1.655,1.865
23/02/2023,2.075,7.56,1.32,1.585,1.91
24/02/2023,2.185,12.75,1.645,1.735,2.06
25/02/2023,2.345,11.005,1.6,1.885,2.07
26/02/2023,2.345,11.005,1.6,1.885,2.07
27/02/2023,2.345,11.005,1.6,1.885,2.07
28/02/2023,2.56,7.23,1.755,2.09,2.32
01/03/2023,2.51,7.74,2.01,2.325,2.39
02/03/2023,2.59,10.66,2.24,2.365,2.505
03/03/2023,2.675,11.095,2.36,2.515,2.595
04/03/2023,2.665,6.4,2.17,2.435,2.505
05/03/2023,2.665,6.4,2.17,2.435,2.505
06/03/2023,2.665,6.4,2.17,2.435,2.505
07/03/2023,2.46,7.33,1.8,2.325,2.395
08/03/2023,2.52,7.38,1.75,2.4,2.415
09/03/2023,2.495,6.17,1.685,2.34,2.395
10/03/2023,2.505,5.205,1.55,2.29,2.38
11/03/2023,2.375,4.41,1.37,2.11,2.175
12/03/2023,2.375,4.41,1.37,2.11,2.175
13/03/2023,2.375,4.41,1.37,2.11,2.175
14/03/2023,2.445,4.385,1.305,2.255,2.365
15/03/2023,2.63,4.865,1.255,2.25,2.29
16/03/2023,2.44,5.275,1.265,2.13,2.16
17/03/2023,2.445,4.125,1.45,2.245,2.335
18/03/2023,2.41,3.595,1.1,2.195,2.1
19/03/2023,2.41,3.595,1.1,2.195,2.1
20/03/2023,2.41,3.595,1.1,2.195,2.1
21/03/2023,2.165,4.895,0.905,1.885,1.91
22/03/2023,1.925,5.565,0.96,1.49,1.845
23/03/2023,2.035,3.89,0.905,1.74,1.92
24/03/2023,2.075,2.31,0.915,1.815,1.945
25/03/2023,2.045,3.58,0.675,1.705,1.92
26/03/2023,2.045,3.58,0.675,1.705,1.92
27/03/2023,2.045,3.58,0.675,1.705,1.92
28/03/2023,2.035,5.575,1.115,1.84,1.93
29/03/2023,2.015,4.595,1.3,1.77,1.935
30/03/2023,1.945,4.485,1.64,1.785,1.9
31/03/2023,1.95,5.735,1.365,1.815,1.95
01/04/2023,2.095,4.01,0.35,1.9,1.985
02/04/2023,2.095,4.01,0.35,1.9,1.985
03/04/2023,2.095,4.01,0.35,1.9,1.985
04/04/2023,2.09,5.035,1.275,1.765,2.035
05/04/2023,2.125,4.49,1.485,1.835,2
06/04/2023,2.17,5.4,1.69,1.895,2.015
07/04/2023,2.175,3.39,1.405,1.84,1.985
08/04/2023,2.175,3.39,1.405,1.84,1.985
09/04/2023,2.175,3.39,1.405,1.84,1.985
10/04/2023,2.175,3.39,1.405,1.84,1.985
11/04/2023,2.155,5.395,0.445,2.03,2.065
12/04/2023,2.19,5.15,0.725,2.03,2.045
13/04/2023,2.205,4.895,0.96,1.805,1.995
14/04/2023,1.995,3.675,0.93,1.595,1.765
15/04/2023,1.87,2.95,0.82,1.385,1.915
16/04/2023,1.87,2.95,0.82,1.385,1.915
17/04/2023,1.87,2.95,0.82,1.385,1.915
18/04/2023,2.21,2.81,1.415,1.89,2.16
19/04/2023,2.22,2.735,1.495,1.87,2.15
20/04/2023,2.195,3.055,1.56,1.845,2.155
21/04/2023,2.18,2.925,1.395,1.885,2.12
22/04/2023,2.19,2.875,1.105,1.85,2.16
23/04/2023,2.19,2.875,1.105,1.85,2.16
24/04/2023,2.19,2.875,1.105,1.85,2.16
25/04/2023,2.195,3.175,1.48,1.925,2.18
26/04/2023,2.21,3.17,1.68,1.985,2.17
27/04/2023,2.185,2.875,1.7,2,2.095
28/04/2023,2.165,2.24,1.605,1.95,2.095
29/04/2023,2.165,2.24,1.605,1.95,2.095
30/04/2023,2.165,2.24,1.605,1.95,2.095
01/05/2023,2.28,2.575,1.265,2,2.17
02/05/2023,2.21,2.385,1.345,2,2.12
03/05/2023,2.1,2.37,1.505,1.95,2.02
04/05/2023,2.025,1.94,1.355,1.89,1.945
05/05/2023,1.935,1.63,1.16,1.835,1.935
06/05/2023,1.85,1.58,0.935,1.715,1.85
07/05/2023,1.85,1.58,0.935,1.715,1.85
08/05/2023,1.85,1.58,0.935,1.715,1.85
09/05/2023,2.125,1.845,-0.345,1.945,1.97
10/05/2023,2.215,1.79,-0.375,2.025,2.11
11/05/2023,2.12,1.55,0.35,1.83,2.01
12/05/2023,2.06,1.57,1.02,1.775,1.95
13/05/2023,1.975,1.605,0.945,1.75,1.935
14/05/2023,1.975,1.605,0.945,1.75,1.935
15/05/2023,1.975,1.605,0.945,1.75,1.935
16/05/2023,2.245,2.385,1.445,2.1,2.165
17/05/2023,2.3,2.565,1.535,2.185,2.275
18/05/2023,2.25,2.56,1.47,2.1,2.18
19/05/2023,2.295,1.99,1.505,2.145,2.2
20/05/2023,2.385,1.895,1.445,2.3,2.435
21/05/2023,2.385,1.895,1.445,2.3,2.435
22/05/2023,2.385,1.895,1.445,2.3,2.435
23/05/2023,2.3,2.135,1.935,2.205,2.27
24/05/2023,2.215,2.155,1.91,2.15,2.19
25/05/2023,2.24,2.095,1.89,2.19,2.19
26/05/2023,2.215,1.775,1.66,2.15,2.155
27/05/2023,1.88,1.505,1.39,1.77,1.845
28/05/2023,1.88,1.505,1.39,1.77,1.845
29/05/2023,1.88,1.505,1.39,1.77,1.845
30/05/2023,1.88,1.505,1.39,1.77,1.845
31/05/2023,2.1,2.25,1.72,2,2.05
01/06/2023,2.1,1.97,1.595,1.965,1.995
02/06/2023,1.77,1.665,1.395,1.725,1.775
03/06/2023,1.72,1.665,1.39,1.56,1.78
04/06/2023,1.72,1.665,1.39,1.56,1.78
05/06/2023,1.72,1.665,1.39,1.56,1.78
06/06/2023,1.955,2.195,1.655,1.805,2.045
07/06/2023,1.97,2.39,1.77,1.875,2.075
08/06/2023,2.11,2.5,1.9,2.055,2.105
09/06/2023,2.075,2.095,1.825,2.02,2.05
10/06/2023,1.86,1.765,1.575,1.87,1.9
11/06/2023,1.86,1.765,1.575,1.87,1.9
12/06/2023,1.86,1.765,1.575,1.87,1.9
13/06/2023,1.95,2.23,1.695,2.015,2.01
14/06/2023,2.025,2.175,1.915,2.08,2.06
15/06/2023,2.08,2.165,1.955,2.09,2.105
16/06/2023,2.17,2.175,1.94,2.105,2.11
17/06/2023,2.135,2.14,1.82,2.11,2.14
18/06/2023,2.135,2.14,1.82,2.113,2.14
19/06/2023,2.135,2.14,1.82,2.11,2.14
20/06/2023,2.135,2.14,1.82,2.11,2.14
21/06/2023,2.39,2.505,2.295,2.32,2.41
22/06/2023,2.23,2.335,2.11,2.25,2.285
23/06/2023,2.295,2.41,2.2,2.375,2.265
24/06/2023,2.235,2.265,2.125,2.375,2.31
25/06/2023,2.235,2.265,2.125,2.375,2.31
26/06/2023,2.235,2.265,2.125,2.375,2.31
27/06/2023,2.615,2.685,2.44,2.63,2.645
28/06/2023,2.69,2.61,2.425,2.545,2.65
29/06/2023,2.7,2.875,2.42,2.505,2.6
30/06/2023,2.5,2.9,2.3,2.4,2.515
01/07/2023,2.515,3.21,2.13,2.405,2.575
02/07/2023,2.515,3.21,2.13,2.405,2.575
03/07/2023,2.515,3.21,2.13,2.405,2.575
04/07/2023,2.515,3.21,2.13,2.405,2.575
05/07/2023,2.515,3.21,2.13,2.405,2.575
06/07/2023,2.64,2.89,2.23,2.45,2.585
07/07/2023,2.515,2.585,2.07,2.2,2.355
08/07/2023,2.485,2.17,1.97,2.165,2.37
09/07/2023,2.485,2.17,1.97,2.165,2.37
10/07/2023,2.485,2.17,1.97,2.165,2.37
11/07/2023,2.57,2.93,2.18,2.29,2.395
12/07/2023,2.59,3.14,2.31,2.4,2.46
13/07/2023,2.55,3.175,2.315,2.345,2.46
14/07/2023,2.5,3.54,2.26,2.345,2.445
15/07/2023,2.49,4.03,2.24,2.295,2.445
16/07/2023,2.49,4.03,2.24,2.295,2.445
17/07/2023,2.49,4.03,2.24,2.295,2.445
18/07/2023,2.43,5.46,2.055,2.22,2.37
19/07/2023,2.52,4.635,2.24,2.3,2.455
20/07/2023,2.51,4.02,2.18,2.33,2.48
21/07/2023,2.615,5.445,2.295,2.445,2.6
22/07/2023,2.605,5.195,2.33,2.46,2.59
23/07/2023,2.605,5.195,2.33,2.46,2.59
24/07/2023,2.605,5.195,2.33,2.46,2.59
25/07/2023,2.67,6.215,2.34,2.47,2.64
26/07/2023,2.65,5.47,2.305,2.37,2.53
27/07/2023,2.605,7.095,2.265,2.315,2.45
28/07/2023,2.48,7.085,2.17,2.26,2.4
29/07/2023,2.515,6.45,-0.515,2.425,2.505
30/07/2023,2.515,6.45,-0.515,2.425,2.505
31/07/2023,2.515,6.45,-0.515,2.425,2.505
01/08/2023,2.57,4.885,1.01,2.365,2.46
02/08/2023,2.49,4.83,2.21,2.245,2.36
03/08/2023,2.43,5.36,2.08,2.15,2.31
04/08/2023,2.47,5.325,2.1,2.17,2.385
05/08/2023,2.525,5.515,2.14,2.24,2.42
06/08/2023,2.525,5.515,2.14,2.24,2.42
07/08/2023,2.525,5.515,2.14,2.24,2.42
08/08/2023,2.65,4.815,2.26,2.41,2.535
09/08/2023,2.77,4.515,2.355,2.455,2.55
10/08/2023,2.91,4.54,2.545,2.68,2.755
11/08/2023,2.81,4.525,2.555,2.63,2.675
12/08/2023,2.625,4.365,2.405,2.49,2.55
13/08/2023,2.625,4.365,2.405,2.49,2.55
14/08/2023,2.625,4.365,2.405,2.49,2.55
15/08/2023,2.735,6.07,2.405,2.51,2.62
16/08/2023,2.655,5.64,2.325,2.49,2.54
17/08/2023,2.545,4.83,2.255,2.42,2.465
18/08/2023,2.555,4.19,2.135,2.43,2.455
19/08/2023,2.45,3.44,1.97,2.36,2.405
20/08/2023,2.45,3.44,1.97,2.36,2.405
21/08/2023,2.45,3.44,1.97,2.36,2.405
22/08/2023,2.575,3.425,2.03,2.45,2.46
23/08/2023,2.605,2.915,2.06,2.46,2.475
24/08/2023,2.59,2.615,1.965,2.37,2.41
25/08/2023,2.425,2.8,1.99,2.285,2.355
26/08/2023,2.465,3.355,2,2.35,2.38
27/08/2023,2.465,3.355,2,2.35,2.38
28/08/2023,2.465,3.355,2,2.35,2.38
29/08/2023,2.585,4.37,2.11,2.495,2.475
30/08/2023,2.5,3.785,2.245,2.4,2.41
31/08/2023,2.49,3.2,2.255,2.48,2.49
01/09/2023,2.565,2.765,2.13,2.505,2.57
02/09/2023,2.66,2.445,1.93,2.53,2.675
03/09/2023,2.66,2.445,1.93,2.53,2.675
04/09/2023,2.66,2.445,1.93,2.53,2.675
05/09/2023,2.66,2.445,1.93,2.53,2.675
06/09/2023,2.6,2.33,1.8,2.395,2.525
07/09/2023,2.485,2.62,1.96,2.325,2.44
08/09/2023,2.445,3.025,2.1,2.34,2.445
09/09/2023,2.52,3.095,2.095,2.375,2.43
10/09/2023,2.52,3.095,2.095,2.375,2.43
11/09/2023,2.52,3.095,2.095,2.375,2.43
12/09/2023,2.505,3.57,2.035,2.3,2.435
13/09/2023,2.705,3.6,2.165,2.28,2.46
14/09/2023,2.755,3.4,2.2,2.3,2.545
15/09/2023,2.81,3.285,2.245,2.455,2.64
16/09/2023,2.74,2.89,2.08,2.36,2.545
17/09/2023,2.74,2.89,2.08,2.36,2.545
18/09/2023,2.74,2.89,2.08,2.36,2.545
19/09/2023,2.565,3.035,1.685,2.405,2.635
20/09/2023,2.745,2.74,1.935,2.525,2.685
21/09/2023,2.765,2.54,1.765,2.41,2.565
22/09/2023,2.695,2.205,1.64,2.43,2.55
23/09/2023,2.61,2.07,1.64,2.29,2.435
24/09/2023,2.61,2.07,1.64,2.29,2.435
25/09/2023,2.61,2.07,1.64,2.29,2.435
26/09/2023,2.61,2.295,1.8,2.37,2.57
27/09/2023,2.6,2.32,1.88,2.4,2.54
28/09/2023,2.71,2.28,1.81,2.46,2.6
29/09/2023,2.745,2.15,1.715,2.46,2.63
30/09/2023,2.745,2.15,1.715,2.46,2.63
01/10/2023,2.695,1.95,1.54,2.3,2.655
02/10/2023,2.695,1.95,1.54,2.3,2.655
03/10/2023,2.71,2.305,1.46,2.41,2.725
04/10/2023,2.73,2.8,1.88,2.6,2.7
05/10/2023,2.91,3.755,2.46,2.68,2.89
06/10/2023,2.94,3.425,2.47,2.67,2.895
07/10/2023,3.15,3.17,2.355,2.725,3.16
08/10/2023,3.15,3.17,2.355,2.725,3.16
09/10/2023,3.15,3.17,2.355,2.725,3.16
10/10/2023,3.3,2.98,2.46,2.57,3.165
11/10/2023,3.3,2.755,2.38,2.565,3.125
12/10/2023,3.175,2.535,1.875,2.53,3.075
13/10/2023,3.155,2.35,1.785,2.475,3.09
14/10/2023,3.12,1.825,0.915,1.745,2.885
15/10/2023,3.12,1.825,0.915,1.745,2.885
16/10/2023,3.12,1.825,0.915,1.745,2.885
17/10/2023,2.995,2.735,1.46,2.065,2.74
18/10/2023,2.925,2.89,1.765,2.05,2.755
19/10/2023,2.9,3.245,1.955,2.39,2.75
20/10/2023,2.82,2.735,1.99,2.45,2.64
21/10/2023,2.61,2.255,1.295,1.865,2.58
22/10/2023,2.61,2.255,1.295,1.865,2.58
23/10/2023,2.61,2.255,1.295,1.865,2.58
24/10/2023,2.655,2.755,-0.185,2.14,2.415
25/10/2023,2.83,3.495,-0.245,2.2,2.455
26/10/2023,2.855,3.42,0.365,2.265,2.425
27/10/2023,2.87,3.325,0.86,2.405,2.595
28/10/2023,3.225,3.815,1.57,2.72,2.875
29/10/2023,3.225,3.815,1.57,2.72,2.875
30/10/2023,3.225,3.815,1.57,2.72,2.875
31/10/2023,3.17,4.255,2.59,3.14,3.09
01/11/2023,3.32,3.565,2.465,2.925,3.045
02/11/2023,3.185,3.7,2.025,2.6,2.865
03/11/2023,3.115,3.26,1.79,2.55,2.91
04/11/2023,3.01,2.855,0.645,2.4,2.805
05/11/2023,3.01,2.855,0.645,2.4,2.805
06/11/2023,3.01,2.855,0.645,2.4,2.805
07/11/2023,2.67,1.945,0.13,1.76,2.555
08/11/2023,2.035,1.72,0.12,1.385,1.675
09/11/2023,2.21,2.13,0.96,1.795,2.215
10/11/2023,2.645,2.45,0.84,1.95,2.205
11/11/2023,2.645,2.45,0.84,1.95,2.205
12/11/2023,2.645,2.45,0.84,1.95,2.205
13/11/2023,2.645,2.45,0.84,1.95,2.205
14/11/2023,2.605,3.46,0.575,2.265,2.5
15/11/2023,2.755,5.285,2.145,2.56,2.73
16/11/2023,2.87,5.945,2.35,2.735,2.715
17/11/2023,2.895,5.565,2.065,2.705,2.755
18/11/2023,2.615,4.82,0.215,2.355,2.385
19/11/2023,2.615,4.82,0.215,2.355,2.385
20/11/2023,2.615,4.82,0.215,2.355,2.385
21/11/2023,2.5,4.89,1.93,2.195,2.38
22/11/2023,2.625,4.195,2.13,2.43,2.515
23/11/2023,2.715,3.59,1.93,2.3,2.495
24/11/2023,2.715,3.59,1.93,2.3,2.495
25/11/2023,2.715,3.59,1.93,2.3,2.495
26/11/2023,2.715,3.59,1.93,2.3,2.495
27/11/2023,2.715,3.59,1.93,2.3,2.495
28/11/2023,2.735,5.11,1.47,2.62,2.655
29/11/2023,2.785,5.345,1.615,2.56,2.655
30/11/2023,2.7,5.67,1.955,2.5,2.595
01/12/2023,2.765,5.235,2.005,2.45,2.565
02/12/2023,2.585,4.455,1.715,2.185,2.415
03/12/2023,2.585,4.455,1.715,2.185,2.415
04/12/2023,2.585,4.455,1.715,2.185,2.415
05/12/2023,2.545,4.275,1.805,2.435,2.505
06/12/2023,2.73,4.415,1.53,2.45,2.625
07/12/2023,2.73,4.06,0.635,2.385,2.655
08/12/2023,2.52,3.185,0.11,2.01,2.38
09/12/2023,2.575,2.74,1.155,2.025,2.3
10/12/2023,2.575,2.74,1.155,2.025,2.3
11/12/2023,2.575,2.74,1.155,2.025,2.3
12/12/2023,2.38,3.29,1.555,1.98,2.24
13/12/2023,2.375,3.895,1.945,2.04,2.28
14/12/2023,2.33,3.955,1.885,1.965,2.28
15/12/2023,2.38,3.22,1.76,2,2.305
16/12/2023,2.435,3.105,1.785,2.11,2.4
17/12/2023,2.435,3.105,1.785,2.11,2.4
18/12/2023,2.435,3.105,1.785,2.11,2.4
19/12/2023,2.585,3.04,1.715,2.175,2.455
20/12/2023,2.45,3.31,1.345,1.965,2.305
21/12/2023,2.485,3.28,1.425,2.09,2.335
22/12/2023,2.475,2.835,1.15,1.975,2.335
23/12/2023,2.495,2.235,0.015,1.555,2.305
24/12/2023,2.495,2.235,0.015,1.555,2.305
25/12/2023,2.495,2.235,0.015,1.555,2.305
26/12/2023,2.495,2.235,0.015,1.555,2.305
27/12/2023,2.48,2.545,1.37,1.945,2.335
28/12/2023,2.625,2.855,2.12,2.2,2.45
29/12/2023,2.55,2.48,1.425,2.07,2.38
30/12/2023,2.55,2.48,1.425,2.07,2.38
31/12/2023,2.55,2.48,1.425,2.07,2.38
01/01/2024,2.56,2.73,1.355,1.775,2.26
02/01/2024,2.56,2.73,1.355,1.775,2.26
03/01/2024,2.56,3.305,1.49,2.07,2.38
04/01/2024,2.595,3.705,1.71,2.33,2.52
05/01/2024,2.845,5.6,2.35,2.4,2.755
06/01/2024,2.745,5.495,1.46,2.095,2.575
07/01/2024,2.745,5.495,1.46,2.095,2.575
08/01/2024,2.745,5.495,1.46,2.095,2.575
09/01/2024,2.74,4.745,1.955,2.19,2.605
10/01/2024,3.29,6.075,2.235,2.52,3.09
11/01/2024,3.225,6.58,2.61,2.7,2.92
12/01/2024,3.13,5.28,2.325,2.6,2.935
13/01/2024,12.97,15.985,8.265,8.755,9.285
14/01/2024,12.97,15.985,8.265,8.755,9.285
15/01/2024,12.97,15.985,8.265,8.755,9.285
16/01/2024,12.97,15.985,8.265,8.755,9.285
17/01/2024,4.145,5.175,4.97,4.47,3.315
18/01/2024,2.87,3.08,2.07,2.32,2.68
19/01/2024,2.885,3.255,2.29,2.16,2.8
20/01/2024,2.665,3.135,1.77,2.025,2.415
21/01/2024,2.665,3.135,1.77,2.025,2.415
22/01/2024,2.665,3.135,1.77,2.025,2.415
23/01/2024,2.33,3.225,1.715,1.74,2.235
24/01/2024,2.155,3.16,1.69,1.655,2.115
25/01/2024,2.435,3.2,2.08,2.11,2.375
26/01/2024,2.55,3.505,2.185,2.2,2.4
27/01/2024,2.38,3.015,1.8,2.075,2.29
28/01/2024,2.38,3.015,1.8,2.075,2.29
29/01/2024,2.38,3.015,1.8,2.075,2.29
30/01/2024,2.435,2.86,1.855,1.945,2.225
31/01/2024,2.265,2.595,1.575,1.845,2.04
01/02/2024,2.23,2.545,1.4,2.025,2.025
02/02/2024,2.135,2.54,1.555,1.94,1.94
03/02/2024,2.035,2.29,0.69,1.435,1.765
04/02/2024,2.035,2.29,0.69,1.435,1.765
05/02/2024,2.035,2.29,0.69,1.435,1.765
06/02/2024,2.115,2.765,0.875,1.6,1.895
07/02/2024,2.09,2.755,0.98,1.585,1.885
08/02/2024,1.97,2.87,1.245,1.485,1.74
09/02/2024,1.73,2.71,1.1,1.43,1.73
10/02/2024,1.725,2.665,1,1.42,1.655
11/02/2024,1.725,2.665,1,1.42,1.655
12/02/2024,1.725,2.665,1,1.42,1.655
13/02/2024,1.785,2.795,0.86,1.5,1.69
14/02/2024,1.665,2.58,1.11,1.305,1.555
15/02/2024,1.51,2.385,0.935,1.295,1.5
16/02/2024,1.515,2.15,0.92,1.24,1.365
17/02/2024,1.545,1.71,0.72,1.21,1.42
18/02/2024,1.545,1.71,0.72,1.21,1.42
19/02/2024,1.545,1.71,0.72,1.21,1.42
20/02/2024,1.545,1.71,0.72,1.21,1.42
21/02/2024,1.505,2.135,0.405,1.25,1.35
22/02/2024,1.6,2.145,0.755,1.35,1.52
23/02/2024,1.605,1.81,0.86,1.32,1.53
24/02/2024,1.52,1.65,0.185,1.1,1.395
25/02/2024,1.52,1.65,0.185,1.1,1.395
26/02/2024,1.52,1.65,0.185,1.1,1.395
27/02/2024,1.595,1.82,0.325,1.16,1.4
28/02/2024,1.53,1.695,0.325,1.23,1.405
29/02/2024,1.63,1.715,0.425,1.45,1.585
01/03/2024,1.66,1.625,0.53,1.475,1.505
02/03/2024,1.465,1.62,0.655,1.32,1.355
03/03/2024,1.465,1.62,0.655,1.32,1.355
04/03/2024,1.465,1.62,0.655,1.32,1.355
05/03/2024,1.485,1.705,0.175,1.48,1.44
06/03/2024,1.54,1.855,-0.54,1.58,1.565
07/03/2024,1.655,2.035,0.21,1.58,1.545
08/03/2024,1.55,1.87,0.25,1.435,1.5
09/03/2024,1.54,1.55,0.115,1.355,1.45
10/03/2024,1.54,1.55,0.115,1.355,1.45
11/03/2024,1.54,1.55,0.115,1.355,1.45
12/03/2024,1.535,1.545,-0.105,1.335,1.39
13/03/2024,1.515,1.44,-0.17,1.21,1.27
14/03/2024,1.24,1.415,-0.25,1.09,1.125
15/03/2024,1.245,1.365,-0.335,1.18,1.285
16/03/2024,1.37,1.255,-0.3,1.22,1.245
17/03/2024,1.37,1.255,-0.3,1.22,1.245
18/03/2024,1.37,1.255,-0.3,1.22,1.245
19/03/2024,1.535,1.41,-1.15,1.425,1.425
20/03/2024,1.575,1.4,-0.27,1.43,1.495
21/03/2024,1.565,1.38,-0.255,1.375,1.5
22/03/2024,1.545,1.215,-0.355,1.315,1.44
23/03/2024,1.53,1.19,-0.695,1.205,1.395
24/03/2024,1.53,1.19,-0.695,1.205,1.395
25/03/2024,1.53,1.19,-0.695,1.205,1.395
26/03/2024,1.46,1.365,-0.695,1.235,1.36
27/03/2024,1.475,1.42,-0.04,1.26,1.37
28/03/2024,1.435,1.35,-0.05,1.17,1.36
29/03/2024,1.435,1.35,-0.05,1.17,1.36
30/03/2024,1.435,1.35,-0.05,1.17,1.36
31/03/2024,1.435,1.35,-0.05,1.17,1.36
01/04/2024,1.56,1.275,0.085,1.025,1.345
02/04/2024,1.655,1.42,0.085,1.13,1.41
03/04/2024,1.675,1.44,-0.01,1.175,1.38
04/04/2024,1.86,1.435,-0.015,1.42,1.62
05/04/2024,1.72,1.685,-0.33,1.11,1.42
06/04/2024,1.575,1.325,-1.005,0.815,1.105
07/04/2024,1.575,1.325,-1.005,0.815,1.105
08/04/2024,1.575,1.325,-1.005,0.815,1.105
09/04/2024,1.72,1.415,-1.825,1.25,1.175
10/04/2024,1.83,1.495,-1.825,1.47,1.5
11/04/2024,1.88,1.56,-2.015,1.255,1.33
12/04/2024,1.61,1.41,-1.92,1.045,1.14
13/04/2024,1.335,1.29,-3.025,0.385,1.03
14/04/2024,1.335,1.29,-3.025,0.385,1.03
15/04/2024,1.335,1.29,-3.025,0.385,1.03
16/04/2024,1.355,1.245,-3,1.01,1.185
17/04/2024,1.39,1.11,-2.045,1.215,1.34
18/04/2024,1.5,1.24,-1.175,1.27,1.415
19/04/2024,1.57,1.45,-1.075,1.315,1.385
20/04/2024,1.45,1.265,-1.545,1.2,1.32
21/04/2024,1.45,1.265,-1.545,1.2,1.32
22/04/2024,1.45,1.265,-1.545,1.2,1.32
23/04/2024,1.63,1.37,-1.015,1.455,1.53
24/04/2024,1.59,1.405,0.045,1.415,1.48
25/04/2024,1.59,1.265,0.065,1.175,1.385
26/04/2024,1.455,1.05,-0.31,1.15,1.25
27/04/2024,1.405,0.86,-2.125,1.14,1.27
28/04/2024,1.405,0.86,-2.125,1.14,1.27
29/04/2024,1.405,0.86,-2.125,1.14,1.27
30/04/2024,1.555,1.215,-0.085,1.4,1.415
01/05/2024,1.68,1.335,-0.075,1.38,1.52
02/05/2024,1.625,1.305,-0.165,1.34,1.55
03/05/2024,1.665,1.39,0.47,1.425,1.6
04/05/2024,1.705,1.275,0.27,1.405,1.665
05/05/2024,1.705,1.275,0.27,1.405,1.665
06/05/2024,1.705,1.275,0.27,1.405,1.665
07/05/2024,1.895,1.38,-4.595,1.675,1.81
08/05/2024,1.95,1.46,-2.62,1.595,1.855
09/05/2024,2.005,1.56,-2.305,1.67,1.885
10/05/2024,2.065,1.675,-3.08,1.635,1.88
11/05/2024,2.155,1.555,-2.365,1.63,1.88
12/05/2024,2.155,1.555,-2.365,1.63,1.88
13/05/2024,2.155,1.555,-2.365,1.63,1.88
14/05/2024,2.125,1.26,-0.89,1.66,1.86
15/05/2024,2.13,1.39,0.105,1.79,1.935
16/05/2024,2.145,1.72,0.5,1.91,2.015
17/05/2024,2.34,1.54,0.175,2.025,2.175
18/05/2024,2.44,0.995,-0.155,1.975,2.27
19/05/2024,2.44,0.995,-0.155,1.975,2.27
20/05/2024,2.44,0.995,-0.155,1.975,2.27
21/05/2024,2.595,1.57,0.075,2.145,2.425
22/05/2024,2.505,1.33,0.05,2.13,2.33
23/05/2024,2.505,1.01,0.18,2.12,2.29
24/05/2024,2.605,0.925,0.24,2.13,2.295
25/05/2024,2.225,0.725,0.2,1.9,2.14
26/05/2024,2.225,0.725,0.2,1.9,2.14
27/05/2024,2.225,0.725,0.2,1.9,2.14
28/05/2024,2.225,0.725,0.2,1.9,2.14
29/05/2024,2.275,1.145,0.355,2.035,2.165
30/05/2024,2.21,1.23,0.355,1.865,2.05
31/05/2024,1.9,1.22,0.265,1.495,1.7
01/06/2024,1.77,0.86,-0.185,1.65,1.74
02/06/2024,1.77,0.86,-0.185,1.65,1.74
03/06/2024,1.77,0.86,-0.185,1.65,1.74
04/06/2024,2.635,1.23,0.12,2.15,2.37
05/06/2024,2.57,1.57,0.355,2.22,2.195
06/06/2024,2.215,1.6,0.665,2.09,2.03
07/06/2024,2.285,1.5,0.79,2.105,2.14
08/06/2024,2.435,1.415,0.34,1.915,2.165
09/06/2024,2.435,1.415,0.34,1.915,2.165
10/06/2024,2.435,1.415,0.34,1.915,2.165
11/06/2024,2.625,1.645,1.075,2.38,2.405
12/06/2024,2.715,1.72,1.365,2.345,2.42
13/06/2024,2.8,1.575,1.255,2.48,2.58
14/06/2024,2.79,1.595,1.185,2.59,2.635
15/06/2024,2.735,1.535,1.01,2.29,2.435
16/06/2024,2.735,1.535,1.01,2.29,2.435
17/06/2024,2.735,1.535,1.01,2.29,2.435
18/06/2024,2.45,1.51,0.765,2.17,2.275
19/06/2024,2.415,1.395,0.605,2.145,2.355
20/06/2024,2.415,1.395,0.605,2.145,2.355
21/06/2024,2.385,1.685,0.71,2.17,2.34
22/06/2024,2.425,1.89,0.255,2.13,2.31
23/06/2024,2.425,1.89,0.255,2.13,2.31
24/06/2024,2.425,1.89,0.255,2.13,2.31
25/06/2024,2.57,2.475,-1.04,2.215,2.345
26/06/2024,2.615,2.47,-0.6,2.315,2.475
27/06/2024,2.445,2.31,0.015,2.215,2.385
28/06/2024,2.53,1.935,-3.235,2.155,2.405
29/06/2024,2.53,1.935,-3.235,2.155,2.405
30/06/2024,2.53,1.935,-3.235,2.155,2.405
01/07/2024,2.39,2.195,-2.105,2.21,2.34
02/07/2024,2.205,2.23,-2.025,1.925,2.075
03/07/2024,2.085,1.87,-1.845,1.87,1.93
04/07/2024,2.05,1.79,-3.795,1.445,1.81
05/07/2024,2.05,1.79,-3.795,1.445,1.81
06/07/2024,2.05,1.79,-3.795,1.445,1.81
07/07/2024,2.05,1.79,-3.795,1.445,1.81
08/07/2024,2.05,1.79,-3.795,1.445,1.81
09/07/2024,2.055,1.825,0.33,1.53,2.09
10/07/2024,2.395,2.61,1.015,1.885,2.165
11/07/2024,2.37,2.795,1.54,1.99,2.14
12/07/2024,2.23,2.465,0.88,1.715,2.075
13/07/2024,2.15,1.835,-0.055,1.695,2.04
14/07/2024,2.15,1.835,-0.055,1.695,2.04
15/07/2024,2.15,1.835,-0.055,1.695,2.04
16/07/2024,2.12,2.58,0.435,1.605,1.985
17/07/2024,2.08,2.27,0.32,1.63,1.92
18/07/2024,1.98,2.42,0.335,1.645,1.8
19/07/2024,2,2.59,0.47,1.575,1.83
20/07/2024,1.885,2.345,-0.11,1.32,1.73
21/07/2024,1.885,2.345,-0.11,1.32,1.73
22/07/2024,1.885,2.345,-0.11,1.32,1.73
23/07/2024,2.195,2.64,0.38,1.715,1.955
24/07/2024,2.115,2.685,0.475,1.715,1.935
25/07/2024,2.03,2.68,0.435,1.625,1.845
26/07/2024,2,2.72,0.335,1.625,1.85
27/07/2024,1.985,2.27,-1.195,1.485,1.79
28/07/2024,1.985,2.27,-1.195,1.485,1.79
29/07/2024,1.985,2.27,-1.195,1.485,1.79
30/07/2024,1.87,1.77,-0.125,1.67,1.765
31/07/2024,1.8,1.845,-0.845,1.6,1.725
01/08/2024,1.93,2.55,-0.185,1.73,1.815
02/08/2024,1.95,2.74,-0.07,1.745,1.85
03/08/2024,1.89,2.565,-1.105,1.68,1.8
04/08/2024,1.89,2.565,-1.105,1.68,1.8
05/08/2024,1.89,2.565,-1.105,1.68,1.8
06/08/2024,1.815,2.775,-0.135,1.715,1.77
07/08/2024,1.84,2.485,-0.07,1.755,1.785
08/08/2024,1.985,2.115,-0.345,1.84,1.85
09/08/2024,1.87,1.915,-1.065,1.8,1.785
10/08/2024,1.955,1.75,-4.18,1.79,1.91
11/08/2024,1.955,1.75,-4.18,1.79,1.91
12/08/2024,1.955,1.75,-4.18,1.79,1.91
13/08/2024,2.145,1.86,-0.98,1.885,1.99
14/08/2024,2.15,1.77,-0.34,1.855,1.96
15/08/2024,2.17,1.83,-0.355,1.815,2.04
16/08/2024,2.18,1.805,-1.315,1.875,2.04
17/08/2024,2.02,1.56,-2.62,1.815,1.97
18/08/2024,2.02,1.56,-2.62,1.815,1.97
19/08/2024,2.02,1.56,-2.62,1.815,1.97
20/08/2024,2.1,1.825,-0.64,1.84,2.04
21/08/2024,2.16,1.7,-0.605,1.895,2.045
22/08/2024,2.12,1.505,-0.805,1.815,2.02
23/08/2024,1.92,1.395,-1.18,1.73,1.88
24/08/2024,1.825,1.055,-2.05,1.495,1.895
25/08/2024,1.825,1.055,-2.05,1.495,1.895
26/08/2024,1.825,1.055,-2.05,1.495,1.895
27/08/2024,1.93,1.41,-1.465,1.73,1.84
28/08/2024,1.91,1.42,-1.43,1.715,1.825
29/08/2024,1.89,1.365,-3.66,1.71,1.795
30/08/2024,1.845,1.32,-6.225,1.485,1.82
31/08/2024,1.845,1.32,-6.225,1.485,1.82
01/09/2024,1.91,1.495,-4.6,1.67,1.885
02/09/2024,1.91,1.495,-4.6,1.67,1.885
03/09/2024,1.91,1.495,-4.6,1.67,1.885
04/09/2024,1.985,1.965,-1.86,1.775,1.95
05/09/2024,2.055,1.915,-0.07,1.98,2.06
06/09/2024,2.035,1.88,0.18,1.815,2.06
07/09/2024,2.095,1.88,0.125,1.92,2.115
08/09/2024,2.095,1.88,0.125,1.92,2.115
09/09/2024,2.095,1.88,0.125,1.92,2.115
10/09/2024,2.035,1.81,-0.675,1.885,1.93
11/09/2024,2.125,1.82,-1.94,1.875,2.005
12/09/2024,2.14,1.61,-1.125,1.895,2.025
13/09/2024,2.115,1.345,0.09,1.925,2.1
14/09/2024,2.21,1.34,0.09,2.015,2.2
15/09/2024,2.21,1.34,0.09,2.015,2.2
16/09/2024,2.21,1.34,0.09,2.015,2.2
17/09/2024,2.205,1.63,0.625,1.965,2.26
18/09/2024,2.325,1.685,0.65,2.21,2.29
19/09/2024,2.325,1.765,0.63,2.18,2.295
20/09/2024,2.215,1.585,0.82,1.915,2.2
21/09/2024,2.21,1.65,0.04,1.965,2.21
22/09/2024,2.21,1.65,0.04,1.965,2.21
23/09/2024,2.21,1.65,0.04,1.965,2.21
24/09/2024,2.405,2.215,1.18,2.195,2.51
25/09/2024,2.615,2.245,0.785,2.415,2.585
26/09/2024,2.62,2.25,0.04,2.53,2.62
27/09/2024,2.635,2.28,0.625,2.535,2.65
28/09/2024,2.525,2.285,0.24,2.385,2.625
29/09/2024,2.525,2.285,0.24,2.385,2.625
30/09/2024,2.525,2.285,0.24,2.385,2.625
01/10/2024,2.655,2.97,0.52,2.52,2.645
02/10/2024,2.67,3.2,0.68,2.59,2.695
03/10/2024,2.76,3.49,1.47,2.65,2.7
04/10/2024,2.74,3.315,1.72,2.6,2.7
05/10/2024,2.55,3.125,1.55,2.375,2.535
06/10/2024,2.55,3.125,1.55,2.375,2.535
07/10/2024,2.55,3.125,1.55,2.375,2.535
08/10/2024,2.525,3.44,0.125,2.35,2.485
09/10/2024,2.395,3.16,-0.915,2.25,2.38
10/10/2024,2.415,2.88,-1.155,2.27,2.345
11/10/2024,2.265,2.74,-1.005,2.21,2.3
12/10/2024,2.295,2.135,-0.27,2.31,2.155
13/10/2024,2.295,2.135,-0.27,2.31,2.155
14/10/2024,2.295,2.135,-0.27,2.31,2.155
15/10/2024,2.295,2.135,-0.27,2.31,2.155
16/10/2024,2.37,2.11,-0.725,2.165,2.24
17/10/2024,2.21,2.18,-0.835,1.705,2.11
18/10/2024,2.19,1.86,0.23,1.71,2.015
19/10/2024,1.825,1.3,0.055,1.35,1.73
20/10/2024,1.825,1.3,0.055,1.35,1.73
21/10/2024,1.825,1.3,0.055,1.35,1.73
22/10/2024,1.765,1.475,-0.735,1.31,1.5
23/10/2024,1.715,1.67,-0.8,1.61,1.75
24/10/2024,1.91,2.255,-0.855,1.81,1.875
25/10/2024,2.05,2.015,-0.38,1.905,1.88
26/10/2024,1.95,1.855,-0.85,1.665,1.84
27/10/2024,1.95,1.855,-0.85,1.665,1.84
28/10/2024,1.95,1.855,-0.85,1.665,1.84
29/10/2024,1.99,2.4,-3.12,1.835,1.85
30/10/2024,1.9,2.485,-1.265,1.865,1.82
31/10/2024,1.94,1.915,0.11,1.835,1.8
01/11/2024,1.87,1.85,-0.595,1.92,1.795
02/11/2024,1.48,0.935,-1.075,1.475,1.345
03/11/2024,1.48,0.935,-1.075,1.475,1.345
04/11/2024,1.48,0.935,-1.075,1.475,1.345
05/11/2024,1.37,1.11,-3.32,1.24,1.205
06/11/2024,1.65,1.65,-3,1.46,1.475
07/11/2024,1.8,2.325,-2.52,1.635,1.73
08/11/2024,1.515,1.515,-0.65,1.295,1.415
09/11/2024,1.23,0.87,-1.35,1.045,0.995
10/11/2024,1.23,0.87,-1.35,1.045,0.995
11/11/2024,1.23,0.87,-1.35,1.045,0.995
12/11/2024,1.23,0.87,-1.35,1.045,0.995
13/11/2024,1.935,1.875,-1.51,1.75,1.82
14/11/2024,2.095,2.18,-0.835,1.845,1.955
15/11/2024,2.015,2.18,0.095,1.615,1.82
16/11/2024,1.745,1.795,0.13,1.045,1.39
17/11/2024,1.745,1.795,0.13,1.045,1.39
18/11/2024,1.745,1.795,0.13,1.045,1.39
19/11/2024,2.055,2.46,0.385,1.64,1.795
20/11/2024,2.095,2.505,1.305,1.835,1.925
21/11/2024,2.335,2.82,1.605,1.88,2.105
22/11/2024,2.83,3.085,2.24,2.365,2.54
23/11/2024,2.42,2.71,1.76,1.855,2.12
24/11/2024,2.42,2.71,1.76,1.855,2.12
25/11/2024,2.42,2.71,1.76,1.855,2.12
26/11/2024,2.77,2.955,2.1,2.39,2.575
27/11/2024,3.16,2.98,2.08,2.53,2.78
28/11/2024,3.16,2.98,2.08,2.53,2.78
29/11/2024,3.16,2.98,2.08,2.53,2.78
30/11/2024,3.16,2.98,2.08,2.53,2.78
01/12/2024,3.35,3.03,1.805,2.55,2.745
02/12/2024,3.35,3.03,1.805,2.55,2.745
03/12/2024,3.04,3.1,2.56,2.7,2.8
04/12/2024,2.875,2.985,2.44,2.62,2.74
05/12/2024,2.83,2.95,2.45,2.585,2.725
06/12/2024,2.965,2.865,2.48,2.715,2.85
07/12/2024,2.9,2.695,2.13,2.545,2.685
08/12/2024,2.9,2.695,2.13,2.545,2.685
09/12/2024,2.9,2.695,2.13,2.545,2.685
10/12/2024,3.01,2.975,2.685,2.85,2.875
11/12/2024,2.895,2.895,2.6,2.725,2.74
12/12/2024,3.105,3.12,2.505,2.815,2.905
13/12/2024,3.145,3.145,2.705,2.88,3.01
14/12/2024,3.12,2.945,2.465,2.755,2.8
15/12/2024,3.12,2.945,2.465,2.755,2.8
16/12/2024,3.12,2.945,2.465,2.755,2.8
17/12/2024,2.88,2.89,2.55,2.67,2.615
18/12/2024,2.85,2.87,2.52,2.735,2.735
19/12/2024,3.015,2.95,2.575,2.865,2.855
20/12/2024,3.125,2.885,2.61,2.86,2.875
21/12/2024,3.095,2.725,2.27,2.7,2.81
22/12/2024,3.095,2.725,2.27,2.7,2.81
23/12/2024,3.095,2.725,2.27,2.7,2.81
24/12/2024,2.935,2.56,2.29,2.61,2.665
25/12/2024,3.005,2.525,1.99,2.415,2.61
26/12/2024,3.005,2.525,1.99,2.415,2.61
27/12/2024,2.96,2.175,0.88,2.345,2.69
28/12/2024,2.795,1.81,0.39,2.095,2.395
29/12/2024,2.795,1.81,0.39,2.095,2.395
30/12/2024,2.795,1.81,0.39,2.095,2.395
31/12/2024,3.395,2.9,1.28,2.84,2.86
01/01/2025,3.39,2.825,0.09,2.585,2.975
02/01/2025,3.39,2.825,0.09,2.585,2.975
03/01/2025,3.655,3.045,1.135,3.025,3.265
04/01/2025,3.465,3.1,2.365,2.99,3.155
05/01/2025,3.465,3.1,2.365,2.99,3.155
06/01/2025,3.465,3.1,2.365,2.99,3.155
07/01/2025,4.06,3.905,3.72,3.795,3.77
08/01/2025,3.98,3.395,3.21,3.6,3.635
09/01/2025,3.76,3.35,3.06,3.51,3.545
10/01/2025,3.895,3.315,2.975,3.52,3.56
11/01/2025,4.135,3.645,2.975,3.74,3.785
12/01/2025,4.135,3.645,2.975,3.74,3.785
13/01/2025,4.135,3.645,2.975,3.74,3.785
14/01/2025,4.41,4.375,3.175,3.765,4.09
15/01/2025,4.35,4.27,3.51,3.87,4.035
16/01/2025,4.425,4.245,3.845,4.215,4.21
17/01/2025,4.275,4.105,3.785,3.835,4.005
18/01/2025,10.07,7.055,7.5,8.375,6.91
19/01/2025,10.07,7.055,7.5,8.375,6.91
20/01/2025,10.07,7.055,7.5,8.375,6.91
21/01/2025,10.07,7.055,7.5,8.375,6.91
22/01/2025,4.39,3.785,3.075,3.495,3.285
23/01/2025,3.89,3.645,2.96,3.3,3.32
24/01/2025,3.96,3.93,2.915,3.285,3.3
25/01/2025,3.835,3.785,2.65,3.005,3.145
26/01/2025,3.835,3.785,2.65,3.005,3.145
27/01/2025,3.835,3.785,2.65,3.005,3.145
28/01/2025,3.705,3.68,2.51,3.01,3.12
29/01/2025,3.425,3.345,2.48,2.84,3.135
30/01/2025,3.29,3.345,2.345,2.805,3.04
31/01/2025,3.115,3.205,2.285,2.72,2.845
01/02/2025,2.92,2.735,1.01,2.23,2.79
02/02/2025,2.92,2.735,1.01,2.23,2.79
03/02/2025,2.92,2.735,1.01,2.23,2.79
04/02/2025,3.3,3.055,2.095,2.505,2.675
05/02/2025,3.235,3.185,1.99,2.38,2.835
06/02/2025,3.22,3.195,1.86,2.435,2.945
07/02/2025,3.31,3.165,2.035,2.625,2.83
08/02/2025,3.325,3.255,1.87,2.605,2.83
09/02/2025,3.325,3.255,1.87,2.605,2.83
10/02/2025,3.325,3.255,1.87,2.605,2.83
11/02/2025,3.485,3.37,2.32,2.75,3.01
12/02/2025,3.68,3.555,2.79,2.85,3.12
13/02/2025,3.94,3.655,3.01,3.005,3.17
14/02/2025,4.415,3.71,3.07,3.15,3.14
15/02/2025,4.63,3.83,2.52,2.855,3.155
16/02/2025,4.63,3.83,2.52,2.855,3.155
17/02/2025,4.63,3.83,2.52,2.855,3.155
18/02/2025,4.63,3.83,2.52,2.855,3.155
19/02/2025,6.46,3.675,3.745,3.795,4.225
20/02/2025,7.78,3.985,4.065,5.215,6.585
21/02/2025,5.755,3.72,3.74,4.06,4.825
22/02/2025,4.43,3.435,2.265,3.48,3.73
23/02/2025,4.43,3.435,2.265,3.48,3.73
24/02/2025,4.43,3.435,2.265,3.48,3.73
25/02/2025,3.86,3.095,1.795,3.2,3.42
26/02/2025,3.89,3.305,0.83,3.255,3.455
27/02/2025,3.905,3.445,1.5,3.245,3.4
28/02/2025,3.91,3.49,1.295,3.295,3.43
01/03/2025,3.89,2.9,0.03,3.16,3.155
02/03/2025,3.89,2.9,0.03,3.16,3.155
03/03/2025,3.89,2.9,0.03,3.16,3.155
04/03/2025,3.81,2.965,0.425,3.005,3.135
05/03/2025,4.395,3.305,0.835,4.045,4
06/03/2025,4.395,3.485,1.065,3.685,3.84
07/03/2025,4.39,3.47,1.115,3.68,3.96
08/03/2025,4.22,3.055,0.4,3.52,3.965
09/03/2025,4.22,3.055,0.4,3.52,3.965
10/03/2025,4.22,3.055,0.4,3.52,3.965
11/03/2025,4.58,3.465,0.265,4.05,4.15
12/03/2025,4.545,3.5,0.105,4.055,3.95
13/03/2025,4.185,3.14,0.41,3.59,3.6
14/03/2025,3.89,3.195,0.31,3.45,3.67
15/03/2025,3.92,3.015,-0.825,3.255,3.525
16/03/2025,3.92,3.015,-0.825,3.255,3.525
17/03/2025,3.92,3.015,-0.825,3.255,3.525
18/03/2025,4.145,3.02,-0.175,3.35,3.51
19/03/2025,4.17,2.99,-1.12,3.29,3.35
20/03/2025,4.215,3.1,-0.565,3.36,3.55
21/03/2025,4.205,2.915,0.05,3.28,3.585
22/03/2025,3.945,2.315,-0.015,3.125,3.65
23/03/2025,3.945,2.315,-0.015,3.125,3.65
24/03/2025,3.945,2.315,-0.015,3.125,3.65
25/03/2025,4.025,1.985,-0.07,3.375,3.5
26/03/2025,3.935,1.88,-0.225,3.37,3.58
27/03/2025,3.855,1.665,-0.045,3.29,3.49
28/03/2025,3.87,1.345,-0.03,3.22,3.205
29/03/2025,3.89,1.435,-0.225,3.06,3.025
30/03/2025,3.89,1.435,-0.225,3.06,3.025
31/03/2025,3.89,1.435,-0.225,3.06,3.025
01/04/2025,4.125,2.155,-0.14,3.475,3.705
02/04/2025,3.96,2.26,0.305,3.425,3.585
03/04/2025,4.045,2.625,1.045,3.575,3.71
04/04/2025,4.205,2.75,2.09,3.69,3.8
05/04/2025,4.04,2.24,1.895,3.37,3.63
06/04/2025,4.04,2.24,1.895,3.37,3.63
07/04/2025,4.04,2.24,1.895,3.37,3.63
08/04/2025,3.96,2.175,0.795,3.7,3.73
09/04/2025,3.84,2.165,1.38,3.41,3.5
10/04/2025,3.425,1.935,0.715,3.115,3.31
11/04/2025,3.695,2.18,1.095,3.35,3.56
12/04/2025,3.43,1.8,0.725,2.77,3.15
13/04/2025,3.43,1.8,0.725,2.77,3.15
14/04/2025,3.43,1.8,0.725,2.77,3.15
15/04/2025,3.55,2.335,1.96,3.125,3.37
16/04/2025,3.25,2.18,1.875,2.895,3.13
17/04/2025,3.205,2.1,1.54,2.555,3.085
18/04/2025,2.935,1.68,-0.045,1.065,2.8
19/04/2025,2.935,1.68,-0.045,1.065,2.8
20/04/2025,2.935,1.68,-0.045,1.065,2.8
21/04/2025,2.935,1.68,-0.045,1.065,2.8
22/04/2025,3.145,1.815,0.495,2.7,2.745
23/04/2025,3.075,1.755,1.07,2.795,2.85
24/04/2025,2.925,1.765,0.215,2.665,2.68
25/04/2025,2.865,1.885,0.175,2.48,2.615
26/04/2025,2.725,1.89,0.725,2.165,2.7
27/04/2025,2.725,1.89,0.725,2.165,2.7
28/04/2025,2.725,1.89,0.725,2.165,2.7
29/04/2025,2.955,1.89,1.29,2.53,2.85
30/04/2025,3.165,1.985,1.61,2.8,2.85
01/05/2025,3.115,1.82,1.445,2.75,2.805
02/05/2025,3.075,1.895,1.605,2.795,2.72
03/05/2025,3.09,1.755,1.425,2.585,2.545
04/05/2025,3.09,1.755,1.425,2.585,2.545
05/05/2025,3.09,1.755,1.425,2.585,2.545
06/05/2025,3.245,2.205,1.685,3.085,2.95
07/05/2025,3.095,2.83,2.06,2.805,2.75
08/05/2025,3.165,2.955,2.535,2.945,2.88
09/05/2025,3.23,2.925,2.375,3.095,2.97
10/05/2025,3.215,2.65,1.885,2.9,2.89
11/05/2025,3.215,2.65,1.885,2.9,2.89
12/05/2025,3.215,2.65,1.885,2.9,2.89
13/05/2025,3.205,2.61,0.875,3.24,2.85
14/05/2025,3.26,2.33,1.02,3.035,2.91
15/05/2025,3.295,1.86,1.05,3.075,2.975
